{
  "features": [
    "Destination Port_Raw",
    "Subflow Fwd Bytes",
    "is_http",
    "Fwd Packet Length Max",
    "port_mod_1000",
    "Average Packet Size",
    "Init_Win_bytes_backward",
    "Total Length of Bwd Packets",
    "Fwd Packet Length Mean",
    "Destination Port",
    "Packet Length Variance",
    "flow_byte_ratio",
    "Bwd Packet Length Mean",
    "Flow IAT Max",
    "Bwd Header Length",
    "Init_Win_bytes_forward",
    "Packet Length Std",
    "Flow Duration",
    "Bwd Packets/s",
    "Flow IAT Std",
    "Fwd IAT Std",
    "Fwd Header Length.1",
    "Fwd IAT Mean",
    "flow_pkt_ratio",
    "Flow Bytes/s",
    "Flow Packets/s",
    "Bwd IAT Max",
    "Flow IAT Mean",
    "min_seg_size_forward",
    "act_data_pkt_fwd",
    "Bwd IAT Std",
    "Bwd IAT Mean",
    "Bwd IAT Total",
    "Bwd Packet Length Min",
    "Bwd IAT Min",
    "Active Mean",
    "Fwd IAT Min",
    "Min Packet Length",
    "is_ftp",
    "Active Max"
  ],
  "rf_importance": [
    0.0701903195992246,
    0.04804942441078566,
    0.06300561876379929,
    0.049204882687545116,
    0.051696559852223975,
    0.0315320103663534,
    0.038667601184556005,
    0.03616507203770613,
    0.04208979069149738,
    0.061079920733527665,
    0.02761639206526527,
    0.02620902092320867,
    0.028397639034427855,
    0.034526250361184486,
    0.03298705498598568,
    0.026634938997524015,
    0.019414401900608315,
    0.02850450550721002,
    0.01969268253945643,
    0.019195370303247774,
    0.01701976602575901,
    0.017952154289747734,
    0.012576280302924927,
    0.01105344618187334,
    0.009994249533710852,
    0.01003155596879329,
    0.010689652142393391,
    0.0065503612347666135,
    0.016491440715432196,
    0.013704585849374526,
    0.010034479113635858,
    0.007443033263214531,
    0.005201918999821779,
    0.011077676977695008,
    0.006919185494261189,
    0.003709843436017917,
    0.007988458185985049,
    0.007421038861596101,
    0.01657324326577961,
    0.0012316540277119595
  ],
  "mi_importance": [
    0.37389158366227826,
    0.44908460979938014,
    0.2473418872260036,
    0.4110016071611391,
    0.32898026683878934,
    0.5372271645654538,
    0.43410953465458113,
    0.46572925199265236,
    0.3659497455757541,
    0.08945023391985352,
    0.5061925247406687,
    0.5223388443500281,
    0.4597148262504891,
    0.37244506892993434,
    0.33246764221753256,
    0.41354744800977383,
    0.5066973406200554,
    0.35253111710700513,
    0.32839406083885003,
    0.30189263867188365,
    0.306262095239733,
    0.2815007189730032,
    0.34557666814702803,
    0.28452907734419397,
    0.294548051185751,
    0.2879158139148208,
    0.2757506352539476,
    0.31245398778862454,
    0.16640450672389084,
    0.16202922673261666,
    0.2072559381280139,
    0.23863115991029948,
    0.2575850872938401,
    0.17635797261654762,
    0.1848982728187729,
    0.20780869748566722,
    0.1435241498919002,
    0.15064838758573607,
    0.012923867898294139,
    0.20604212536287925
  ],
  "combined_importance": [
    0.049228687277162377,
    0.04100062166784099,
    0.040852614276961505,
    0.04013876995473885,
    0.03828410850396452,
    0.03607380355348307,
    0.035743635167879456,
    0.03568763190419134,
    0.03487821230446003,
    0.03392128103134863,
    0.03294284968954695,
    0.03284951337994864,
    0.03157656326337907,
    0.03134197275640619,
    0.029061182830943083,
    0.028950033792987273,
    0.02886093722252539,
    0.027578330281812002,
    0.022260010595076977,
    0.02100957055125313,
    0.020086938844843083,
    0.01961712476685264,
    0.019351331593197733,
    0.016282246107016188,
    0.016131376399274616,
    0.015899323498180743,
    0.015768513983363697,
    0.015086297036745114,
    0.014536000137242613,
    0.012977182140093028,
    0.01285174994687625,
    0.012742046121077204,
    0.01233796902075042,
    0.01220537060989217,
    0.010448957937858418,
    0.00971032704133515,
    0.009419605338893296,
    0.009405199971413803,
    0.008775158550472001,
    0.008404453900091377
  ]
}