{
  "features": [
    "Fwd Packet Length Max",
    "Destination Port_Raw",
    "port_mod_1000",
    "is_http",
    "Subflow Fwd Bytes",
    "Average Packet Size",
    "Bwd Packet Length Mean",
    "Init_Win_bytes_backward",
    "Fwd Packet Length Mean",
    "Total Length of Bwd Packets",
    "Packet Length Std",
    "Destination Port",
    "Bwd Header Length",
    "Packet Length Variance",
    "flow_byte_ratio",
    "Init_Win_bytes_forward",
    "Flow Duration",
    "Flow IAT Max",
    "flow_pkt_ratio",
    "Flow Bytes/s",
    "Fwd IAT Std",
    "Fwd IAT Mean",
    "Fwd Header Length.1",
    "min_seg_size_forward",
    "Bwd Packets/s",
    "Flow IAT Std",
    "Flow IAT Mean",
    "Flow Packets/s",
    "act_data_pkt_fwd",
    "Bwd Packet Length Min",
    "Bwd IAT Max",
    "Bwd IAT Total",
    "PSH Flag Count",
    "Bwd IAT Min",
    "Bwd IAT Std",
    "Bwd IAT Mean",
    "is_ftp",
    "Fwd IAT Min",
    "Min Packet Length",
    "Active Mean"
  ],
  "rf_importance": [
    0.0575754372109323,
    0.05774873494798208,
    0.055367386869028624,
    0.059151387052578705,
    0.04523817880999628,
    0.03238442345066583,
    0.0371783884697662,
    0.038691186363958095,
    0.04171732829657417,
    0.030876588089191418,
    0.026153322893765544,
    0.05560503251509115,
    0.042261736815275064,
    0.02461927082234905,
    0.022499500747302403,
    0.024797358733507954,
    0.023852534370347653,
    0.017403356326957473,
    0.021130384542744993,
    0.01619753518643401,
    0.015330175179964947,
    0.01209464207912131,
    0.01959882517687823,
    0.017529339260239904,
    0.01063763544787142,
    0.012266874567329989,
    0.00804303519983788,
    0.010395447612353637,
    0.018424565006719042,
    0.017382798500898244,
    0.009276031804434542,
    0.006897879771601996,
    0.016342443798409836,
    0.010136654447123502,
    0.008421510043459401,
    0.005995081746308962,
    0.020541102003438675,
    0.010052211237185402,
    0.009322442501856721,
    0.0017729359250489478
  ],
  "mi_importance": [
    0.41270446154155316,
    0.3755195717664408,
    0.3537943057044848,
    0.26186566052855054,
    0.4490719549877602,
    0.5451953352647521,
    0.46335184814239905,
    0.4358411511135971,
    0.37301451080814885,
    0.4668259453027288,
    0.5128050540360916,
    0.1049012602156234,
    0.2839981117631989,
    0.5117983815879117,
    0.5375403346888707,
    0.4203279733984182,
    0.36283502008261337,
    0.38017701186364894,
    0.2894828266460603,
    0.30975921711036625,
    0.31013882832447814,
    0.3540536428222152,
    0.24175938457186308,
    0.25500637592714126,
    0.33218368657293573,
    0.3055205306791626,
    0.32171716068876144,
    0.2780595475763903,
    0.1624077646326878,
    0.1759556631580539,
    0.2772570198476232,
    0.2588128520820012,
    0.11001879454347208,
    0.18558575547653744,
    0.20788661901377226,
    0.24069211337617147,
    0.012199691445679228,
    0.14597842004886874,
    0.1521588665418614,
    0.20958290956394587
  ],
  "combined_importance": [
    0.04380278487077637,
    0.04253656834485731,
    0.040555482909422555,
    0.03910292332722714,
    0.03895728244804573,
    0.036027577829353785,
    0.03544692016930043,
    0.0352024214341668,
    0.034429725573208676,
    0.03242241502456131,
    0.03173360021539962,
    0.03161904726068355,
    0.03146332386829542,
    0.030929949294581902,
    0.030806611272527026,
    0.027691105212757784,
    0.025126977083289117,
    0.022533326614996366,
    0.02109719332830702,
    0.019368466870000715,
    0.018948597930336094,
    0.018928545752670393,
    0.01859513329942832,
    0.018042344067398845,
    0.01740436690422304,
    0.017248924131206336,
    0.015726272302947566,
    0.01531412167004452,
    0.01512102247418372,
    0.015093040590487347,
    0.014725216100129562,
    0.012865102023744433,
    0.01217393968982165,
    0.011820331808863258,
    0.011774112463828706,
    0.011754431988289873,
    0.01071440172821801,
    0.010337111083289316,
    0.010197084506906685,
    0.008511540063735761
  ]
}